CREATE TYPE gender AS ENUM ('M','F');
CREATE TABLE employees (
    emp_no      INT             NOT NULL,
    birth_date  DATE            NOT NULL,
    first_name  VARCHAR(14)     NOT NULL,
    last_name   VARCHAR(16)     NOT NULL,
    current_gender      gender  	NOT NULL,    
    hire_date   DATE            NOT NULL,
    PRIMARY KEY (emp_no)
);
CREATE TABLE departments (
    dept_no     CHAR(4)         NOT NULL,
    dept_name   VARCHAR(40)     NOT NULL,
    PRIMARY KEY (dept_no)
);
CREATE TABLE dept_manager (
   emp_no       INT             NOT NULL,
   dept_no      CHAR(4)         NOT NULL,
   from_date    DATE            NOT NULL,
   to_date      DATE            NOT NULL,
   FOREIGN KEY (emp_no) references employees (emp_no),
   FOREIGN KEY (dept_no) REFERENCES departments (dept_no) ON DELETE CASCADE,
   PRIMARY KEY (emp_no,dept_no)
); 
CREATE TABLE titles (
    emp_no      INT             NOT NULL,
    title       VARCHAR(50)     NOT NULL,
    from_date   DATE            NOT NULL,
    to_date     DATE,
    FOREIGN KEY (emp_no) REFERENCES employees (emp_no) ON DELETE CASCADE,
    PRIMARY KEY (emp_no,title, from_date)
);
INSERT INTO employees VALUES 
(110022,'1956-09-12','Margareta','Markovitch','M','1985-01-01'),
(110039,'1963-06-21','Vishwani','Minakawa','M','1986-04-12'),
(110085,'1959-10-28','Ebru','Alpin','M','1985-01-01'),
(110114,'1957-03-28','Isamu','Legleitner','F','1985-01-14'),
(110183,'1953-06-24','Shirish','Ossenbruggen','F','1985-01-01'),
(110228,'1958-12-02','Karsten','Sigstam','F','1985-08-04'),
(110303,'1956-06-08','Krassimir','Wegerle','F','1985-01-01'),
(110344,'1961-09-07','Rosine','Cools','F','1985-11-22'),
(110386,'1953-10-04','Shem','Kieras','M','1988-10-14'),
(110420,'1963-07-27','Oscar','Ghazalie','M','1992-02-05'),
(110511,'1957-07-08','DeForest','Hagimont','M','1985-01-01'),
(110567,'1964-04-25','Leon','DasSarma','F','1986-10-21'),
(110725,'1961-03-14','Peternela','Onuegbe','F','1985-01-01'),
(111939,'1960-03-25','Yuchang','Weedman','M','1989-07-10'),
-- other employees (just for used for titles)
(10002,'1964-06-02','Bezalel','Simmel','F','1985-11-21'),
(10003,'1959-12-03','Parto','Bamford','M','1986-08-28'),
(10004,'1954-05-01','Chirstian','Koblick','M','1986-12-01'),
(10005,'1955-01-21','Kyoichi','Maliniak','M','1989-09-12'),
(10006,'1953-04-20','Anneke','Preusig','F','1989-06-02'),
(10007,'1957-05-23','Tzvetan','Zielinski','F','1989-02-10'),
(10008,'1958-02-19','Saniya','Kalloufi','M','1994-09-15'),
(10009,'1952-04-19','Sumant','Peac','F','1985-02-18');
INSERT INTO departments VALUES 
('d001','Marketing'),
('d002','Finance'),
('d003','Human Resources'),
('d004','Production'),
('d005','Development'),
('d006','Quality Management'),
('d007','Sales'),
('d008','Research'),
('d009','Customer Service');
INSERT INTO dept_manager VALUES 
(110022,'d001','1985-01-01','1991-10-01'),
(110039,'d001','1991-10-01','9999-01-01'),
(110085,'d002','1985-01-01','1989-12-17'),
(110114,'d002','1989-12-17','9999-01-01'),
(110183,'d003','1985-01-01','1992-03-21'),
(110228,'d003','1992-03-21','9999-01-01'),
(110303,'d004','1985-01-01','1988-09-09'),
(110344,'d004','1988-09-09','1992-08-02'),
(110386,'d004','1992-08-02','1996-08-30'),
(110420,'d004','1996-08-30','9999-01-01'),
(110511,'d005','1985-01-01','1992-04-25'),
(110567,'d005','1992-04-25','9999-01-01'),
(110725,'d006','1985-01-01','1989-05-06'),
(111939,'d009','1996-01-03','9999-01-01');
INSERT INTO titles VALUES
-- dept_manager titles
(110022,'Manager','1985-01-01','1991-10-01'),
(110022,'Senior Staff','1991-10-01','9999-01-01'),
(110039,'Manager','1991-10-01','9999-01-01'),
(110039,'Senior Staff','1986-04-12','1991-10-01'),
(110085,'Manager','1985-01-01','1989-12-17'),
(110085,'Senior Staff','1989-12-17','9999-01-01'),
(110114,'Manager','1989-12-17','9999-01-01'),
(110114,'Senior Staff','1985-01-14','1989-12-17'),
(110183,'Manager','1985-01-01','1992-03-21'),
(110183,'Staff','1992-03-21','9999-01-01'),
(110228,'Manager','1992-03-21','9999-01-01'),
(110228,'Senior Staff','1985-08-04','1992-03-21'),
(110303,'Manager','1985-01-01','1988-09-09'),
(110303,'Technique Leader','1988-09-09','9999-01-01'),
(110344,'Manager','1988-09-09','1992-08-02'),
(110344,'Senior Engineer','1985-11-22','1988-09-09'),
(110344,'Technique Leader','1992-08-02','9999-01-01'),
(110386,'Manager','1992-08-02','1996-08-30'),
(110386,'Technique Leader','1988-10-14','1992-08-02'),
(110386,'Technique Leader','1996-08-30','9999-01-01'),
(110420,'Manager','1996-08-30','9999-01-01'),
(110420,'Senior Engineer','1992-02-05','1996-08-30'),
(110511,'Manager','1985-01-01','1992-04-25'),
(110511,'Technique Leader','1992-04-25','9999-01-01'),
(110567,'Manager','1992-04-25','9999-01-01'),
(110567,'Technique Leader','1986-10-21','1992-04-25'),
(110725,'Manager','1985-01-01','1989-05-06'),
(110725,'Technique Leader','1989-05-06','9999-01-01'),
(111939,'Manager','1996-01-03','9999-01-01'),
(111939,'Senior Staff','1989-07-10','1996-01-03'),
-- other employees titles
(10002,'Staff','1996-08-03','9999-01-01'),
(10003,'Senior Engineer','1995-12-03','9999-01-01'),
(10004,'Engineer','1986-12-01','1995-12-01'),
(10004,'Senior Engineer','1995-12-01','9999-01-01'),
(10005,'Senior Staff','1996-09-12','9999-01-01'),
(10005,'Staff','1989-09-12','1996-09-12'),
(10006,'Senior Engineer','1990-08-05','9999-01-01'),
(10007,'Senior Staff','1996-02-11','9999-01-01'),
(10007,'Staff','1989-02-10','1996-02-11'),
(10008,'Assistant Engineer','1998-03-11','2000-07-31'),
(10009,'Assistant Engineer','1985-02-18','1990-02-18'),
(10009,'Engineer','1990-02-18','1995-02-18');
