00000000000000000100000e;000000000000000000000002;000000000000000000000001;hasInterest;
000000000000000001000007;000000000000000000000008;000000000000000000000003;hasInterest;
000000000000000001000017;000000000000000000000006;000000000000000000000003;hasInterest;
00000000000000000100000b;000000000000000000000000;000000000000000000000001;hasInterest;
00000000000000000100000f;000000000000000000000005;000000000000000000000006;hasModerator;
00000000000000000100000d;000000000000000000000009;000000000000000000000000;hasModerator;
000000000000000001000016;000000000000000000000002;000000000000000000000004;knows;2015
000000000000000001000008;000000000000000000000007;000000000000000000000006;knows;2014
000000000000000001000009;000000000000000000000004;000000000000000000000000;knows;2014
00000000000000000100000a;000000000000000000000006;000000000000000000000007;knows;2014
000000000000000001000006;000000000000000000000007;000000000000000000000004;knows;2013
000000000000000001000014;000000000000000000000008;000000000000000000000006;knows;2013
000000000000000001000015;000000000000000000000000;000000000000000000000004;knows;2014
00000000000000000100000c;000000000000000000000004;000000000000000000000007;knows;2013
000000000000000001000011;000000000000000000000008;000000000000000000000007;knows;2014
000000000000000001000012;000000000000000000000002;000000000000000000000000;knows;2015
000000000000000001000001;000000000000000000000009;000000000000000000000004;hasMember;
000000000000000001000002;000000000000000000000005;000000000000000000000006;hasMember;
000000000000000001000003;000000000000000000000005;000000000000000000000007;hasMember;
000000000000000001000004;000000000000000000000009;000000000000000000000000;hasMember;
000000000000000001000000;000000000000000000000005;000000000000000000000003;hasTag;
000000000000000001000005;000000000000000000000009;00000000000000000000000a;hasTag;
000000000000000001000013;000000000000000000000009;000000000000000000000001;hasTag;
000000000000000001000010;000000000000000000000005;00000000000000000000000a;hasTag;
